product_id,post_name,product_type,priorite_decisionnelle,decision_score,bc05_iforest_flag,bc05_iforest_score,if_component,knn_component,kmeans_component,shap_component,impact_component,shap_top_driver,lecture_strategique,price,purchase_price,taux_marge,stock_quantity,total_sales_clean,ca_par_article
6299,lucien-boillot-gevrey-chambertin-1er-cru-les-cherbaudes-2017,Vin,Critique,0.8,True,-0.007820101500073173,0.9127272727272727,0.8842424242424243,0.7343787878787879,0.41653958526475926,0.2,bc05_std_purchase_price,Rupture avec demande - arbitrage stock prioritaire,78.0,41.51,,0,4.0,
4352,champagne-egly-ouriet-grand-cru-millesime-2008,Champagne,Critique,0.8,True,-0.2874758895414171,1.0,0.9987878787878788,0.7988636363636363,1.0,0.2,bc05_std_price,Rupture avec demande - arbitrage stock prioritaire,225.0,137.81,,0,11.0,
5892,coteaux-champenois-egly-ouriet-ambonnay-rouge-2016,Champagne,Critique,0.744290223914202,True,-0.2633913840828991,0.9975757575757576,1.0,0.9983030303030302,0.952720420960201,0.0,bc05_std_price,Atypie forte et impact business eleve,191.3,116.06,,98,6.0,
4355,champagne-egly-ouriet-grand-cru-brut-blanc-de-noirs,Champagne,Critique,0.7292866010281559,True,-0.2377178504150511,0.9951515151515151,0.9781818181818182,0.9669090909090909,0.9006841920997414,0.0,bc05_std_taux_marge,Atypie forte et impact business eleve,12.65,77.48,,97,0.0,
6126,champagne-gosset-celebris-vintage-2007,Champagne,Critique,0.7227849363791926,True,-0.18933273798075978,0.9854545454545455,0.9939393939393939,0.9906666666666666,0.7976069395495019,0.0,bc05_std_price,Atypie forte et impact business eleve,135.0,80.33,,138,5.0,
5001,david-duband-charmes-chambertin-grand-cru-2014,Vin,Critique,0.7178417516521657,True,-0.26785377930788057,0.9987878787878788,0.9963636363636363,0.7980151515151515,0.9923038801580204,0.0,bc05_std_price,Atypie forte et impact business eleve,217.5,116.87,,18,2.0,
5025,champagne-agrapart-fils-lavizoise-grand-cru-2012-extra-brut-blanc-de-blancs,Champagne,Critique,0.7102719898678048,True,-0.15302791535405758,0.9818181818181818,0.9842424242424243,0.982181818181818,0.7155077774659281,0.0,bc05_std_purchase_price,Atypie forte et impact business eleve,112.0,68.6,,136,6.0,
5767,camille-giroud-clos-de-vougeot-2016,Vin,Critique,0.7074021669123217,True,-0.2337104899240987,0.9903030303030304,0.9854545454545455,0.7954696969696969,0.9389989418504899,0.0,bc05_std_price,Atypie forte et impact business eleve,175.0,90.42,,12,4.0,
4402,cognac-frapin-vip-xo,Cognac,Critique,0.7021747544235074,True,-0.2297819000797321,0.9890909090909091,0.9878787878787879,0.7963181818181818,0.8842399684774984,0.0,bc05_std_price,Atypie forte et impact business eleve,176.0,78.25,,11,3.0,
4594,,,Critique,0.6996182384732278,True,-0.21666607277188898,0.9878787878787879,0.9951515151515151,0.7903787878787879,0.8566748089747022,0.0,bc05_std_price,Atypie forte et impact business eleve,144.0,87.36,,0,,
4406,cognac-frapin-chateau-de-fontpinot-1989-20-ans,Cognac,Critique,0.6966914845823567,True,-0.21529786853153632,0.9866666666666667,0.9806060606060606,0.7946212121212121,0.8537709064296287,0.0,bc05_std_price,Atypie forte et impact business eleve,157.0,69.08,,12,4.0,
5916,wemyss-malts-single-cask-chocolate-moka-cake,Whisky,Critique,0.6948644264409355,True,-0.11244017709014009,0.9733333333333334,0.9975757575757576,0.9434805194805194,0.6182719700370612,0.0,bc05_std_taux_marge,Atypie forte et impact business eleve,93.0,40.49,,1,1.0,
6324,,,Critique,0.6874065193447242,True,-0.23533733394684342,0.9939393939393939,0.9563636363636364,0.7224999999999999,0.8957697389017869,0.0,bc05_std_purchase_price,Atypie forte et impact business eleve,92.0,99.0,,18,,
4233,,,Critique,0.6869246898164794,True,-0.244709055003814,0.9963636363636363,0.9696969696969697,0.6747806491309029,0.9285910759835898,0.0,bc05_std_taux_marge,Atypie forte et impact business eleve,-20.0,10.33,,0,,
4904,domaine-des-croix-corton-charlemagne-grand-cru-2016,Vin,Critique,0.683067054600285,True,-0.16096441081237034,0.9842424242424243,0.9818181818181818,0.7869848484848485,0.7338296369119414,0.0,bc05_std_price,Atypie forte et impact business eleve,137.0,67.95,,9,3.0,
4337,champagne-mailly-grand-cru-les-echansons-2007,Champagne,Critique,0.6790551253101127,True,-0.07420082179478238,0.9563636363636364,0.9745454545454545,0.9677575757575758,0.5207330712829448,0.0,bc05_std_purchase_price,Atypie forte et impact business eleve,83.0,48.9,,145,0.0,
4358,champagne-larmandier-bernier-vieilles-vignes-levant-2008,Champagne,Critique,0.6788501649435484,True,-0.08297178547964845,0.9624242424242424,0.9733333333333334,0.9406060606060607,0.5436531645870004,0.0,bc05_std_purchase_price,Atypie forte et impact business eleve,77.0,47.16,,81,8.0,
4350,champagne-egly-ouriet-extra-brut-vp,Champagne,Critique,0.6774236735557017,True,-0.07316139715707548,0.9551515151515152,0.9721212121212122,0.9643636363636363,0.5179943113145921,0.0,bc05_std_purchase_price,Atypie forte et impact business eleve,79.5,47.3,,145,7.0,
5017,,,Critique,0.671522572283455,True,-0.23420102156611555,0.9915151515151515,0.9309090909090909,0.656962467312721,0.8934183855018316,0.0,bc05_std_taux_marge,Atypie forte et impact business eleve,-8.0,4.34,,0,,
6213,domaine-des-comtes-lafon-volnay-1er-cru-santenots-du-milieu-2016,Vin,Critique,0.6702174874919388,True,-0.11215852398478587,0.9709090909090909,0.9648484848484848,0.7801969696969697,0.6894551779496908,0.0,bc05_std_price,Atypie forte et impact business eleve,121.0,63.14,,9,3.0,
6594,,,Critique,0.6692513199294698,True,-0.23529178755577373,0.9927272727272727,0.9624242424242424,0.5958715582218119,0.8956755589316782,0.0,bc05_std_taux_marge,Atypie forte et impact business eleve,-9.1,4.61,,19,,
5612,domaine-weinbach-gewurztraminer-gc-furstentum-sgn-2010,Vin,Critique,0.6690283946699283,True,-0.13678136534538932,0.9806060606060606,0.926060606060606,0.7827424242424242,0.7222309163962525,0.0,bc05_std_price,Atypie forte et impact business eleve,124.8,66.41,,19,1.0,
5917,wemyss-malts-single-cask-scotch-whisky-choc-n-nut-pretzel-2001,Whisky,Critique,0.6674854779869464,True,-0.16091264946798434,0.983030303030303,0.9115151515151515,0.7793484848484848,0.7337108404755249,0.0,bc05_std_price,Atypie forte et impact business eleve,122.0,54.24,,12,3.0,
4046,pierre-gaillard-cote-rotie-rose-pourpre-2017,Vin,Critique,0.6612546974377942,True,-0.021656491195441552,0.9321212121212121,0.9903030303030304,0.9426320346320345,0.42162922546019294,0.0,bc05_std_purchase_price,Atypie forte et impact business eleve,80.0,40.92,,2,2.0,
5026,champagne-agrapart-fils-mineral-extra-brut-blanc-de-blancs-grand-cru-2012,Champagne,Critique,0.6595233002578158,True,-0.07607428028433494,0.9575757575757575,0.9769696969696969,0.8286060606060606,0.5256572450024013,0.0,bc05_std_purchase_price,Atypie forte et impact business eleve,86.8,50.13,,101,9.0,
4353,champagne-egly-ouriet-grand-cru-brut-rose,Champagne,Critique,0.6584215653335165,True,-0.06004163796857653,0.9490909090909091,0.9660606060606061,0.8812121212121211,0.48300353212304425,0.0,bc05_std_purchase_price,Atypie forte et impact business eleve,79.5,45.91,,127,14.0,
4359,champagne-larmandier-bernier-grand-cru-vieilles-chemins-avize-2011,Champagne,Critique,0.6580045706248726,True,-0.09857983573275642,0.9672727272727273,0.9684848484848485,0.7717575757575756,0.5836214638244839,0.0,bc05_std_purchase_price,Atypie forte et impact business eleve,85.6,51.93,,112,7.0,
5027,champagne-agrapart-fils-terroirs-brut-blanc-de-blancs-grand-cru,Champagne,Critique,0.6562068726319458,True,-0.038471755293065124,0.9406060606060606,0.9636363636363636,0.9261818181818182,0.42370508995582146,0.0,bc05_std_taux_marge,Atypie forte et impact business eleve,62.1,38.04,,79,6.0,
6216,domaine-des-comtes-lafon-volnay-1er-cru-champans-2016,Vin,Critique,0.6527468270556036,True,-0.122170006082434,0.9769696969696969,0.8933333333333333,0.7785,0.6421425129802799,0.0,bc05_std_price,Atypie forte et impact business eleve,121.0,60.02,,14,2.0,
4334,champagne-gosset-grand-blanc-de-blanc,Champagne,Critique,0.6521604087775446,True,-0.016415890172234326,0.926060606060606,0.9757575757575757,0.9541818181818182,0.3606343908057485,0.0,bc05_std_taux_marge,Atypie forte et impact business eleve,49.0,30.01,,142,7.0,
5761,huile-dolive-extra-vierge-planeta-3x-10cl,Huile d'olive,Critique,0.6520295556893114,True,-0.007743887190174159,0.9115151515151515,0.9709090909090909,0.9609696969696968,0.402477375074932,0.0,bc05_std_taux_marge,Atypie forte et impact business eleve,19.5,12.07,,125,10.0,
6212,domaine-des-comtes-lafon-volnay-1er-cru-santenots-du-milieu-2015,Vin,A surveiller,0.6492795893932607,True,-0.09499044281584113,0.9660606060606061,0.8993939393939394,0.7717121212121212,0.638258015144728,0.0,bc05_std_price,Signal a confirmer (driver principal: bc05_std_price),115.0,59.42,,16,7.0,
5918,wemyss-malts-single-cask-scotch-whisky-chai-caramel-latte-2002,Whisky,A surveiller,0.649160406382302,True,-0.1256456802959539,0.9781818181818182,0.8763636363636363,0.7691666666666666,0.6505813365502928,0.0,bc05_std_price,Signal a confirmer (driver principal: bc05_std_price),114.0,52.25,,12,3.0,
5047,champagne-petit-lebrun-fils-blanc-de-blancs-grand-cru,Champagne,A surveiller,0.6473914718170808,True,-0.008852455260450531,0.9151515151515152,0.9393939393939394,0.9745454545454544,0.3878541121102016,0.0,bc05_std_taux_marge,Signal a confirmer (driver principal: bc05_std_taux_marge),22.5,13.78,,76,8.0,
6202,domaine-clerget-echezeaux-en-orveaux-2015,Vin,A surveiller,0.6469915481411624,True,-0.1144817347406808,0.9745454545454545,0.8751515151515151,0.7725606060606061,0.6371351783813216,0.0,bc05_std_purchase_price,Signal a confirmer (driver principal: bc05_std_purchase_price),116.4,63.15,,12,5.0,
4139,zind-humbrecht-gewurzt-grand-cru-rangen-de-thann-clos-saint-urbain-2013,Vin,A surveiller,0.6451941170454508,True,-0.008616692148266991,0.9139393939393939,0.9927272727272727,0.8925714285714286,0.3858113003246378,0.0,bc05_std_purchase_price,Signal a confirmer (driver principal: bc05_std_purchase_price),77.4,39.59,,1,1.0,
4055,,,A surveiller,0.6418394625941427,True,-0.10049785548743606,0.9696969696969697,0.8981818181818182,0.7496515151515151,0.5884628077596091,0.0,bc05_std_price,Signal a confirmer (driver principal: bc05_std_price),86.1,37.88,,0,,
6215,domaine-des-comtes-lafon-volnay-1er-cru-champans-2014,Vin,A surveiller,0.6408277797927943,True,-0.09877056046949528,0.9684848484848485,0.8812121212121212,0.7708636363636363,0.5841035555036996,0.0,bc05_std_price,Signal a confirmer (driver principal: bc05_std_price),115.0,56.45,,14,4.0,
4407,cognac-frapin-cigar-blend,Cognac,A surveiller,0.6391599847302811,True,-0.12734820293489957,0.9793939393939394,0.833939393939394,0.7538939393939393,0.6546983321512952,0.0,bc05_std_price,Signal a confirmer (driver principal: bc05_std_price),104.0,46.71,,14,5.0,
4356,champagne-egly-ouriet-premier-cru-vrigny,Champagne,A surveiller,0.6369188148280026,True,-0.012137365683370538,0.9175757575757576,0.9490909090909091,0.9134545454545453,0.34809723918911645,0.0,bc05_std_taux_marge,Signal a confirmer (driver principal: bc05_std_taux_marge),51.6,31.0,,81,3.0,
4631,marcel-windholtz-eau-de-vie-de-baie-de-houx,Vin,A surveiller,0.6364338841655032,True,-0.006271783517434293,0.9103030303030303,0.9915151515151515,0.8756017316017315,0.33699685031304044,0.0,bc05_std_purchase_price,Signal a confirmer (driver principal: bc05_std_purchase_price),76.8,38.49,,1,1.0,
4141,gosset-champagne-grande-reserve,Champagne,A surveiller,0.636023010773751,True,-0.025209367638293623,0.9357575757575758,0.9503030303030303,0.8413333333333333,0.3903513198587232,0.0,bc05_std_taux_marge,Signal a confirmer (driver principal: bc05_std_taux_marge),39.0,24.86,,123,8.0,
5008,domaine-des-comtes-lafon-volnay-1er-cru-santenots-du-milieu-2013,Vin,A surveiller,0.6340653323299615,True,-0.07993469617872273,0.96,0.8703030303030304,0.7547424242424242,0.587933626329918,0.0,bc05_std_purchase_price,Signal a confirmer (driver principal: bc05_std_purchase_price),105.0,56.42,,12,7.0,
4582,chateau-de-puligny-montrachet-1cru-champ-canet-2014,Vin,A surveiller,0.6335173459452486,True,-0.09109186287445958,0.9636363636363636,0.8642424242424243,0.767469696969697,0.5645749746040006,0.0,bc05_std_price,Signal a confirmer (driver principal: bc05_std_price),109.6,53.8,,18,1.0,
6214,domaine-des-comtes-lafon-volnay-1er-cru-champans-2013,Vin,A surveiller,0.6328371453286006,True,-0.07051892588246023,0.9527272727272728,0.9248484848484848,0.7360757575757575,0.5163790290435823,0.0,bc05_std_price,Signal a confirmer (driver principal: bc05_std_price),99.0,49.62,,9,6.0,
5565,tempier-bandol-cabassaou-2017,Vin,A surveiller,0.6313841258510619,True,-0.05961076816969191,0.9478787878787879,0.92,0.7572878787878787,0.4942730766924359,0.0,bc05_std_purchase_price,Signal a confirmer (driver principal: bc05_std_purchase_price),92.0,46.11,,0,1.0,
5580,lucien-boillot-puligny-montrachet-1er-cru-les-perrieres-2016,Vin,A surveiller,0.6284351043701002,True,-0.04622005379917071,0.943030303030303,0.9357575757575758,0.7589848484848485,0.4452677103676678,0.0,bc05_std_purchase_price,Signal a confirmer (driver principal: bc05_std_purchase_price),83.7,41.08,,4,2.0,
4146,champagne-mailly-gc-brut-reserve,Champagne,A surveiller,0.6272671171157906,False,0.011609588691145034,0.8836363636363637,0.9575757575757575,0.9533333333333334,0.2766105650973009,0.0,bc05_std_taux_marge,Signal a confirmer (driver principal: bc05_std_taux_marge),29.5,17.55,,86,6.0,
4115,zind-humbrecht-riesling-gc-rangen-thann-clos-st-urbain-2017,Vin,A surveiller,0.6257685004060055,True,-0.05763269574069729,0.9466666666666667,0.8690909090909091,0.7437121212121213,0.563935004060055,0.0,bc05_std_purchase_price,Signal a confirmer (driver principal: bc05_std_purchase_price),100.0,52.7,,12,1.0,
4404,cognac-frapin-fontpinot-xo,Cognac,A surveiller,0.6252579606391799,True,-0.09354069996015624,0.9648484848484848,0.8218181818181818,0.7623787878787879,0.5708296063917992,0.0,bc05_std_price,Signal a confirmer (driver principal: bc05_std_price),108.5,52.22,,17,4.0,
4903,domaine-des-croix-corton-grand-cru-les-greves-2017,Vin,A surveiller,0.6252483316292019,True,-0.07211264467536216,0.953939393939394,0.8569696969696969,0.7488030303030303,0.5535211950798963,0.0,bc05_std_price,Signal a confirmer (driver principal: bc05_std_price),102.3,51.8,,12,2.0,
7196,,,A surveiller,0.6250996462449309,True,-0.11771146188290815,0.9757575757575757,0.8496969696969697,0.6620533764036302,0.6312497311771966,0.0,bc05_std_taux_marge,Signal a confirmer (driver principal: bc05_std_taux_marge),31.0,31.2,,55,,
5007,domaine-des-comtes-lafon-volnay-1er-cru-santenots-du-milieu-2014,Vin,A surveiller,0.6245364530495139,True,-0.07824160936309632,0.9587878787878787,0.823030303030303,0.756439393939394,0.5882811971618067,0.0,bc05_std_purchase_price,Signal a confirmer (driver principal: bc05_std_purchase_price),105.0,55.88,,15,3.0,
5070,,,A surveiller,0.6243120699744759,True,-0.0661644092646293,0.9515151515151515,0.8842424242424243,0.7471060606060606,0.4994313058053642,0.0,bc05_std_purchase_price,Signal a confirmer (driver principal: bc05_std_purchase_price),84.7,47.43,,0,,
6201,david-duband-chambolle-musigny-1er-cru-les-sentiers-2016,Vin,A surveiller,0.6225949624399831,True,-0.08257422259939173,0.9612121212121212,0.8181818181818182,0.7581363636363636,0.5687450789452863,0.0,bc05_std_purchase_price,Signal a confirmer (driver principal: bc05_std_purchase_price),105.6,57.29,,16,6.0,
4336,champagne-mailly-grand-cru-blanc-de-pinot-noir,Champagne,A surveiller,0.6213732892358362,False,0.014854908232816766,0.88,0.9272727272727272,0.9660606060606061,0.2700965287219989,0.0,bc05_std_taux_marge,Signal a confirmer (driver principal: bc05_std_taux_marge),35.5,21.12,,73,6.0,
4209,,,A surveiller,0.615916331690651,True,-0.05424614205465239,0.9442424242424242,0.8915151515151515,0.7174090909090909,0.46729210478529837,0.0,bc05_std_taux_marge,Signal a confirmer (driver principal: bc05_std_taux_marge),73.5,33.01,,0,,
4210,lucien-boillot-nuits-saint-georges-1ercru-pruliers-2017,Vin,A surveiller,0.6158824373407089,True,-0.025531917389426617,0.936969696969697,0.9175757575757576,0.7505,0.38701376734648313,0.0,bc05_std_purchase_price,Signal a confirmer (driver principal: bc05_std_purchase_price),79.8,39.17,,4,3.0,
4132,zind-humbrecht-pinot-gris-grand-cru-rangen-de-thann-clos-saint-urbain-2012,Vin,A surveiller,0.613347917238684,True,-0.05490162179464786,0.9454545454545454,0.9236363636363636,0.644439393939394,0.48318371784138553,0.0,bc05_std_purchase_price,Signal a confirmer (driver principal: bc05_std_purchase_price),88.4,44.3,,7,5.0,
6129,moulin-de-gassac-igp-pays-dherault-guilhem-blanc-2017,Vin,A surveiller,0.6120277764239371,True,-0.0173622862215157,0.9272727272727272,0.9442424242424242,0.6875079218581757,0.4187128511490783,0.0,bc05_std_purchase_price,Signal a confirmer (driver principal: bc05_std_purchase_price),5.2,2.74,,68,20.0,
4148,champagne-mailly-grand-cru-brut-rose,Champagne,A surveiller,0.611419791260803,False,0.033784086661126256,0.8581818181818182,0.9296969696969697,0.9694545454545453,0.22607670048681777,0.0,bc05_std_taux_marge,Signal a confirmer (driver principal: bc05_std_taux_marge),37.5,21.88,,71,3.0,
4142,champagne-gosset-grand-millesime-2006,Champagne,A surveiller,0.6097119122780844,True,-0.021737743813313393,0.9333333333333333,0.9224242424242424,0.7174545454545453,0.3760888197505416,0.0,bc05_std_taux_marge,Signal a confirmer (driver principal: bc05_std_taux_marge),53.0,32.15,,125,4.0,
4090,,,A surveiller,0.6089224585270716,True,-0.034725579784265825,0.9393939393939394,0.8915151515151515,0.716560606060606,0.4131715549676867,0.0,bc05_std_taux_marge,Signal a confirmer (driver principal: bc05_std_taux_marge),73.0,33.79,,0,,
6106,stephane-tissot-chateau-chalon-2011,Vin,A surveiller,0.6085746963087413,False,0.007791667439914662,0.8896969696969697,0.9478787878787879,0.7751060606060606,0.35823938732983696,0.0,bc05_std_purchase_price,Signal a confirmer (driver principal: bc05_std_purchase_price),74.8,40.19,,3,2.0,
4149,champagne-mailly-grand-cru-intemporelle-rose-2009,Champagne,A surveiller,0.5987456310407717,True,-0.03981199768307364,0.9418181818181818,0.9672727272727273,0.5333333333333333,0.4274563104077182,0.0,bc05_std_purchase_price,Signal a confirmer (driver principal: bc05_std_purchase_price),69.0,40.25,,101,5.0,
4150,champagne-mailly-grand-cru-intemporelle-2010,Champagne,A surveiller,0.5969985913051887,True,-0.015073995455200162,0.9224242424242424,0.9345454545454546,0.6512727272727272,0.35671318577916056,0.0,bc05_std_taux_marge,Signal a confirmer (driver principal: bc05_std_taux_marge),59.0,35.45,,123,6.0,
4348,champagne-egly-ouriet-tradition-grand-cru,Champagne,A surveiller,0.5957810116646945,True,-0.0032372784373678742,0.9066666666666666,0.9333333333333333,0.6996363636363636,0.32168890452573323,0.0,bc05_std_taux_marge,Signal a confirmer (driver principal: bc05_std_taux_marge),59.0,34.76,,125,5.0,
5818,maison-trimbach-riesling-grand-cru-schlossberg-2015,Vin,A surveiller,0.5931223057537108,False,0.034342232132128725,0.8563636363636363,0.9612121212121212,0.7878333333333333,0.25795790602195706,0.0,bc05_std_purchase_price,Signal a confirmer (driver principal: bc05_std_purchase_price),63.5,32.48,,2,1.0,
4392,whisky-wemyss-spice-king,Whisky,A surveiller,0.5929929473056408,True,-0.019404113987639082,0.9290909090909091,0.896969696969697,0.6529242424242424,0.36933098820792376,0.0,bc05_std_taux_marge,Signal a confirmer (driver principal: bc05_std_taux_marge),49.5,22.01,,3,3.0,
5951,domaine-de-vaccelli-aop-ajaccio-rouge-granit-174-2017,Vin,A surveiller,0.5927188558366069,False,0.006503246360176518,0.8909090909090909,0.9103030303030303,0.7140151515151515,0.3628324977600085,0.0,bc05_std_purchase_price,Signal a confirmer (driver principal: bc05_std_purchase_price),74.5,39.65,,4,2.0,
5741,clerget-chambolle-musigny-charmes-2015,Vin,A surveiller,0.5875240031812197,False,0.013357427355346285,0.8812121212121212,0.9078787878787878,0.7063787878787878,0.3562779106000752,0.0,bc05_std_purchase_price,Signal a confirmer (driver principal: bc05_std_purchase_price),73.3,37.87,,4,2.0,
4797,domaine-peyre-rose-clos-des-cistes-2008,Vin,A surveiller,0.586765307920524,True,-0.014044869666132609,0.9206060606060606,0.9127272727272727,0.5918333333333333,0.39263035193251206,0.0,bc05_std_purchase_price,Signal a confirmer (driver principal: bc05_std_purchase_price),78.0,42.32,,5,5.0,
4394,whisky-wemyss-treacle-chest,Whisky,A surveiller,0.5855784599892417,False,0.013249653417224838,0.8824242424242424,0.9151515151515152,0.7377727272727272,0.2715497514075693,0.0,bc05_std_taux_marge,Signal a confirmer (driver principal: bc05_std_taux_marge),59.8,27.96,,3,2.0,
4396,whisky-wemyss-the-hive-12-ans,Whisky,A surveiller,0.5852464371620468,True,-0.01582063379516041,0.9248484848484848,0.8290909090909091,0.7072272727272727,0.3588961898022866,0.0,bc05_std_taux_marge,Signal a confirmer (driver principal: bc05_std_taux_marge),62.0,28.42,,0,0.0,
4147,champagne-mailly-grand-cru-extra-brut-2012,Champagne,A surveiller,0.5759953259273582,False,0.06387589200149374,0.7951515151515152,0.953939393939394,0.8744242424242423,0.15498356230388505,0.0,bc05_std_taux_marge,Signal a confirmer (driver principal: bc05_std_taux_marge),33.0,18.48,,100,8.0,
5024,champagne-agrapart-fils-les-7-crus-brut-blanc-de-blancs,Champagne,A surveiller,0.5759407318114539,False,0.009319487227022805,0.8872727272727273,0.936969696969697,0.6266666666666667,0.28364974235696244,0.0,bc05_std_taux_marge,Signal a confirmer (driver principal: bc05_std_taux_marge),45.0,27.04,,103,6.0,
5574,domaine-huet-vouvray-le-mont-moelleux-premiere-trie-2008,Vin,A surveiller,0.5734982581749933,False,0.054359892929915665,0.8224242424242424,0.9515151515151515,0.7861363636363636,0.1854750059923578,0.0,bc05_std_price,Signal a confirmer (driver principal: bc05_std_price),59.6,30.18,,2,2.0,
4577,,,A surveiller,0.5714375346140586,False,0.0799803600740342,0.7575757575757576,0.983030303030303,0.9332987012987012,0.07563941540465628,0.0,bc05_std_purchase_price,Signal a confirmer (driver principal: bc05_std_purchase_price),49.0,24.05,,1,,
4144,champagne-gosset-grand-rose,Champagne,A surveiller,0.5701376814313198,False,0.04560093672465371,0.8363636363636363,0.943030303030303,0.7522424242424242,0.17786166279804827,0.0,bc05_std_taux_marge,Signal a confirmer (driver principal: bc05_std_taux_marge),49.0,27.73,,91,4.0,
4867,chateau-de-la-selve-igp-coteaux-de-lardeche-maguelonne-rose-2019,Vin,A surveiller,0.5693299044907485,False,0.08887746412545539,0.7393939393939394,0.9793939393939394,0.9711515151515151,0.059602075210514985,0.0,bc05_std_taux_marge,Signal a confirmer (driver principal: bc05_std_taux_marge),9.9,4.86,,121,36.0,
4627,marcel-windholtz-eau-de-vie-de-poire-williams-reserve-particuliere,Vin,A surveiller,0.5688961055046615,False,0.0532837657072584,0.8254545454545454,0.9466666666666667,0.7844393939393939,0.14260499444055386,0.0,bc05_std_purchase_price,Signal a confirmer (driver principal: bc05_std_purchase_price),58.3,28.62,,2,2.0,
4357,champagne-larmandier-bernier-latitude,Champagne,A surveiller,0.5678505263952727,False,0.05259897310938111,0.8290909090909091,0.9527272727272728,0.7344242424242424,0.1841416275890907,0.0,bc05_std_taux_marge,Signal a confirmer (driver principal: bc05_std_taux_marge),39.0,22.3,,115,5.0,
5777,maurel-pays-d-oc-cabernet-sauvignon-2017,Vin,A surveiller,0.5646476231628434,True,-0.012694781140454858,0.9187878787878788,0.7696969696969697,0.6527200430702969,0.37163859126541404,0.0,bc05_std_purchase_price,Signal a confirmer (driver principal: bc05_std_purchase_price),5.7,3.03,,51,16.0,
4995,domaine-peyre-rose-oro-2002,Vin,A surveiller,0.5636289442841603,True,-0.014044869666132609,0.9206060606060606,0.8781818181818182,0.4836515151515151,0.39263035193251206,0.0,bc05_std_purchase_price,Signal a confirmer (driver principal: bc05_std_purchase_price),78.0,42.32,,6,4.0,
4630,marcel-windholtz-eau-de-vie-de-coing,Vin,A surveiller,0.5635461086396789,False,0.04039567126516058,0.8436363636363636,0.9890909090909091,0.5879653679653679,0.24442212535782773,0.0,bc05_std_purchase_price,Signal a confirmer (driver principal: bc05_std_purchase_price),62.4,33.21,,1,1.0,
5067,albert-mann-pinot-noir-grand-h-2017,Vin,A surveiller,0.5597207176481138,False,0.05800605375838663,0.8145454545454546,0.9163636363636364,0.7411666666666666,0.2090935401175023,0.0,bc05_std_purchase_price,Signal a confirmer (driver principal: bc05_std_purchase_price),59.9,30.95,,3,2.0,
4996,domaine-peyre-rose-marlene-n3-2008,Vin,A surveiller,0.5589220133748236,False,0.0,0.9,0.8781818181818182,0.4836515151515151,0.4073792246573269,0.0,bc05_std_purchase_price,Signal a confirmer (driver principal: bc05_std_purchase_price),78.0,40.7,,6,4.0,
4994,domaine-peyre-rose-syrah-leone-2008,Vin,A surveiller,0.5583674679202782,False,0.0,0.9,0.9018181818181819,0.4484393939393939,0.4073792246573269,0.0,bc05_std_purchase_price,Signal a confirmer (driver principal: bc05_std_purchase_price),78.0,40.7,,11,6.0,
4970,champagne-larmandier-bernier-terre-de-vertus-premier-cru-2011,Champagne,A surveiller,0.5574178193485727,False,0.030622009783640047,0.8618181818181818,0.9381818181818182,0.5969696969696969,0.21690546621300036,0.0,bc05_std_taux_marge,Signal a confirmer (driver principal: bc05_std_taux_marge),49.5,28.59,,100,6.0,
4173,maurel-pays-doc-chenin-colombard-2019,Vin,A surveiller,0.5566264872273322,True,-0.001045216221273182,0.9030303030303031,0.76,0.6306594370096908,0.39118480766787606,0.0,bc05_std_purchase_price,Signal a confirmer (driver principal: bc05_std_purchase_price),5.7,2.97,,49,15.0,
4073,chateau-de-vaudieu-chateauneuf-du-pape-lavenue-2015,Vin,A surveiller,0.5534194804138142,True,-0.0006982682255248784,0.9018181818181819,0.9090909090909091,0.4017727272727273,0.4078993495926871,0.0,bc05_std_purchase_price,Signal a confirmer (driver principal: bc05_std_purchase_price),77.8,40.6,,8,4.0,
5912,whisky-kingsbarns-lowland-single-malt,Whisky,A surveiller,0.552671199869236,True,-0.034028795010126345,0.9381818181818182,0.8096969696969697,0.4543787878787879,0.41120442293478354,0.0,bc05_std_taux_marge,Signal a confirmer (driver principal: bc05_std_taux_marge),57.0,25.08,,4,2.0,
4401,cognac-frapin-vsop,Cognac,A surveiller,0.5492585594793891,True,-0.06029399984262318,0.9503030303030303,0.8521212121212122,0.3025,0.48368407964237486,0.0,bc05_std_taux_marge,Signal a confirmer (driver principal: bc05_std_taux_marge),62.5,27.21,,5,3.0,
5932,cognac-normandin-mercier-vfc,Cognac,A surveiller,0.5484572865074089,True,-0.022327688663369982,0.9345454545454546,0.8133333333333334,0.4509848484848485,0.37779256204378636,0.0,bc05_std_taux_marge,Signal a confirmer (driver principal: bc05_std_taux_marge),59.9,27.18,,13,0.0,
5002,david-duband-morey-saint-denis-1er-cru-les-broc-2016,Vin,A surveiller,0.5464360339649477,False,0.03633505325257885,0.8521212121212122,0.9066666666666666,0.5544999999999999,0.2629133699525064,0.0,bc05_std_purchase_price,Signal a confirmer (driver principal: bc05_std_purchase_price),64.9,34.54,,4,3.0,
5618,albert-boxler-riesling-grand-cru-sommerberg-d-2018,Vin,A surveiller,0.5435630469406458,False,0.020109604461667763,0.8727272727272727,0.8860606060606061,0.47474242424242424,0.33321380273979195,0.0,bc05_std_purchase_price,Signal a confirmer (driver principal: bc05_std_purchase_price),71.3,36.84,,5,4.0,
5544,marc-colin-et-fils-chassagne-montrachet-blanc-les-vide-bourses-1er-cru-2016,Vin,A surveiller,0.5416868554916674,False,0.04848728457321522,0.833939393939394,0.8193939393939393,0.7080757575757576,0.21414885794697708,0.0,bc05_std_purchase_price,Signal a confirmer (driver principal: bc05_std_purchase_price),61.6,31.51,,0,0.0,
5756,huile-olive-planeta-3l,Huile d'olive,A surveiller,0.5375523523906188,True,-0.0020740238815858403,0.9054545454545454,0.7333333333333333,0.5791060606060605,0.323834129966795,0.0,bc05_std_taux_marge,Signal a confirmer (driver principal: bc05_std_taux_marge),42.2,25.85,,9,5.0,
4043,pierre-gaillard-cote-rotie-esprit-blond-2017,Vin,A surveiller,0.5336517262079071,False,0.04797175710479462,0.8351515151515152,0.803030303030303,0.7097727272727272,0.16034301965482842,0.0,bc05_std_purchase_price,Signal a confirmer (driver principal: bc05_std_purchase_price),60.0,29.45,,0,0.0,
4405,cognac-frapin-chateau-de-fontpinot-xo-1-2,Cognac,A surveiller,0.5304273113923241,False,0.011382178808612142,0.8848484848484849,0.8206060606060606,0.487469696969697,0.2773109927111203,0.0,bc05_std_purchase_price,Signal a confirmer (driver principal: bc05_std_purchase_price),68.1,32.46,,15,7.0,
5063,lucien-boillot-pommard-1er-cru-les-croix-noires-2017,Vin,A surveiller,0.5289748525517232,False,0.02683928175127337,0.8666666666666667,0.9866666666666667,0.29778354978354976,0.269739867508574,0.0,bc05_std_purchase_price,Signal a confirmer (driver principal: bc05_std_purchase_price),67.0,33.92,,1,1.0,
5778,maurel-pays-d-oc-merot-2018,Vin,A surveiller,0.5243560903541061,True,-0.011798086654387085,0.9163636363636364,0.6266666666666667,0.5933261036763574,0.3511475056022831,0.0,bc05_std_purchase_price,Signal a confirmer (driver principal: bc05_std_purchase_price),5.8,3.09,,44,17.0,
6041,chateau-de-vaudieu-chateauneuf-du-pape-amiral-g-2015,Vin,A surveiller,0.5238752921404356,False,0.005868059875018594,0.8921212121212121,0.8351515151515152,0.3780151515151515,0.32506352746496175,0.0,bc05_std_price,Signal a confirmer (driver principal: bc05_std_price),71.7,36.3,,11,6.0,
6573,marc-colin-et-fils-chassagne-montrachet-blanc-1cru-champs-gain-2017,Vin,A surveiller,0.5238558560370278,False,0.03471474926422985,0.8545454545454545,0.88,0.4161969696969697,0.29062674218845935,0.0,bc05_std_purchase_price,Signal a confirmer (driver principal: bc05_std_purchase_price),68.3,35.29,,5,4.0,
4054,clos-du-mont-olivet-chateauneuf-du-pape-papet-2018,Vin,A surveiller,0.5193215605427113,False,0.015455424852598099,0.8787878787878788,0.8545454545454545,0.34577272727272723,0.32910196906347716,0.0,bc05_std_purchase_price,Signal a confirmer (driver principal: bc05_std_purchase_price),71.6,38.47,,6,3.0,
5563,tempier-bandol-tourtine-2017,Vin,A surveiller,0.5187795457350837,False,0.05485655147623286,0.8206060606060606,0.8872727272727273,0.5383787878787879,0.14386363916901895,0.0,bc05_std_purchase_price,Signal a confirmer (driver principal: bc05_std_purchase_price),58.0,29.07,,16,8.0,
4174,maurel-cabardes-tradition-2017,Vin,A surveiller,0.5159807564013845,True,-0.0017777631543980377,0.9042424242424243,0.5987878787878788,0.5763564067066604,0.38496992365082433,0.0,bc05_std_purchase_price,Signal a confirmer (driver principal: bc05_std_purchase_price),5.7,2.92,,43,13.0,
4391,whisky-wemyss-peat-chimney,Whisky,A surveiller,0.5151929473056409,True,-0.019404113987639082,0.9290909090909091,0.696969696969697,0.4009242424242424,0.36933098820792376,0.0,bc05_std_taux_marge,Signal a confirmer (driver principal: bc05_std_taux_marge),49.5,22.01,,7,5.0,
5712,albert-mann-gewurztraminer-vendanges-tardives-altenbourg-2015,Vin,A surveiller,0.5150898053875703,False,0.0752904350331639,0.7721212121212121,0.803030303030303,0.711469696969697,0.16126926599691552,0.0,bc05_std_purchase_price,Signal a confirmer (driver principal: bc05_std_purchase_price),57.6,30.36,,0,0.0,
6568,decelle-villa-chambolle-musigny-2017,Vin,A surveiller,0.5134475942964204,False,0.0032808851353238744,0.8945454545454545,0.8678787878787879,0.27534848484848484,0.3020592762975373,0.0,bc05_std_purchase_price,Signal a confirmer (driver principal: bc05_std_purchase_price),72.0,35.71,,7,4.0,
4573,cdme-beaune-1ercru-greves-3-journaux-2015,Vin,A surveiller,0.512602223064755,False,0.02587439942958525,0.8703030303030304,0.8327272727272728,0.39753030303030307,0.2533631397384584,0.0,bc05_std_purchase_price,Signal a confirmer (driver principal: bc05_std_purchase_price),67.2,36.46,,12,8.0,
4858,chateau-turcaud-rose-2019,Vin,A surveiller,0.5108830280871491,False,3.29865946160357e-05,0.8981818181818182,0.3466666666666667,0.6060533764036302,0.3118714283872578,0.2,bc05_std_purchase_price,Signal a confirmer (driver principal: bc05_std_purchase_price),6.5,3.19,,0,5.0,
7195,,,A surveiller,0.5100488028207126,False,0.10426747664490543,0.6496969696969697,0.9284848484848485,0.7776515151515151,0.12795014941924737,0.0,bc05_std_purchase_price,Signal a confirmer (driver principal: bc05_std_purchase_price),21.0,10.31,,1,,
4069,gilles-robin-hermitage-2012,Vin,A surveiller,0.5095620201576319,False,0.05143060320390602,0.8303030303030303,0.850909090909091,0.4891666666666667,0.16914292884904591,0.0,bc05_std_purchase_price,Signal a confirmer (driver principal: bc05_std_purchase_price),60.0,30.07,,4,3.0,
4697,,,A surveiller,0.5090003522302408,False,0.10359557869339098,0.6557575757575758,0.9454545454545454,0.7920757575757575,0.04370806775695259,0.0,bc05_std_price,Signal a confirmer (driver principal: bc05_std_price),34.5,18.72,,1,,
5808,,,A surveiller,0.5087892090532912,False,0.10253521565668111,0.6606060606060606,0.9406060606060606,0.7912272727272728,0.03802087841170018,0.0,bc05_std_price,Signal a confirmer (driver principal: bc05_std_price),34.2,18.55,,1,,
5968,zind-humbrecht-pinot-gris-windsbuhl-2013,Vin,A surveiller,0.5071669460071321,False,0.008106973100357684,0.8884848484848484,0.8448484848484848,0.27959090909090906,0.29713158128344147,0.0,bc05_std_price,Signal a confirmer (driver principal: bc05_std_price),71.5,35.83,,9,5.0,
4198,moulin-gassac-igp-pays-herault-guilhem-rouge-2019,Vin,A surveiller,0.5068634841463704,False,0.0016977369641693052,0.8957575757575758,0.5478787878787879,0.6069018612521151,0.3752517465552286,0.0,bc05_std_purchase_price,Signal a confirmer (driver principal: bc05_std_purchase_price),5.8,2.97,,0,0.0,
5619,albert-boxler-riesling-grand-cru-sommerberg-e-2018,Vin,A surveiller,0.5061759923365128,False,0.01768260799168636,0.8763636363636363,0.8084848484848485,0.32880303030303026,0.32249477184997666,0.0,bc05_std_purchase_price,Signal a confirmer (driver principal: bc05_std_purchase_price),71.3,38.31,,10,5.0,
6632,weingut-besson-strasser-zurich-pinot-noir-chlosterberg-2016,Vin,A surveiller,0.5057695600456816,False,0.07080141566012688,0.7830303030303031,0.7721212121212121,0.7148636363636364,0.09206681257802932,0.0,bc05_std_purchase_price,Signal a confirmer (driver principal: bc05_std_purchase_price),52.7,26.41,,0,2.0,
4863,chateau-ollieux-romanis-corbieres-rose-classique-2019,Vin,A surveiller,0.5057152134840321,False,0.06440429308072781,0.7927272727272727,0.7890909090909091,0.6586594370096908,0.11279934296214827,0.0,bc05_std_price,Signal a confirmer (driver principal: bc05_std_price),8.2,4.11,,54,16.0,
5560,,,A surveiller,0.5042166108277903,False,0.1005663318198286,0.6751515151515152,0.9587878787878787,0.684962467312721,0.07169210427851849,0.0,bc05_std_price,Signal a confirmer (driver principal: bc05_std_price),47.0,25.5,,62,,
4286,hauvette-baux-provence-amethyste-2017,Vin,A surveiller,0.5029937450995193,False,0.026206802422302777,0.8678787878787879,0.8363636363636363,0.29146969696969693,0.31636926917701247,0.0,bc05_std_purchase_price,Signal a confirmer (driver principal: bc05_std_purchase_price),69.8,36.06,,6,3.0,
5069,albert-mann-pinot-noir-les-saintes-claires-2017,Vin,A surveiller,0.5029773476348364,False,0.028573267560619175,0.8642424242424243,0.7515151515151515,0.4603181818181818,0.24353862786351588,0.0,bc05_std_purchase_price,Signal a confirmer (driver principal: bc05_std_purchase_price),65.0,35.26,,14,7.0,
5004,david-duband-vosne-romanee-2017,Vin,A surveiller,0.5017532397044103,False,0.055107260259720625,0.8193939393939393,0.8424242424242424,0.4789848484848485,0.1560248212865275,0.0,bc05_std_purchase_price,Signal a confirmer (driver principal: bc05_std_purchase_price),59.4,29.77,,4,2.0,
5611,domaine-weinbach-riesling-schlossberg-catherine-2018,Vin,A surveiller,0.5012415248285905,False,0.03874036428101085,0.8484848484848485,0.7587878787878788,0.46456060606060606,0.2525440361646936,0.0,bc05_std_purchase_price,Signal a confirmer (driver principal: bc05_std_purchase_price),63.4,33.74,,14,8.0,
4636,marcel-windholtz-eau-de-vie-de-framboise-dalsace,Vin,A surveiller,0.5005744150379869,False,0.08901584488045816,0.7357575757575757,0.5733333333333334,0.721651515151515,0.069327483713203,0.2,bc05_std_purchase_price,Signal a confirmer (driver principal: bc05_std_purchase_price),50.0,25.58,,0,4.0,
5969,zind-humbrecht-riesling-clos-windsbuhl-2014,Vin,A surveiller,0.5002899319657695,False,0.021058241571627778,0.8715151515151515,0.8303030303030303,0.3008030303030303,0.27654325905163457,0.0,bc05_std_purchase_price,Signal a confirmer (driver principal: bc05_std_purchase_price),69.0,37.43,,10,6.0,
4755,domaine-de-montgilet-vin-de-france-grolleau-2019,Vin,A surveiller,0.4983937760191468,False,0.05037877430116777,0.8327272727272728,0.7018181818181818,0.6128412551915089,0.16285769558602298,0.0,bc05_std_purchase_price,Signal a confirmer (driver principal: bc05_std_purchase_price),7.4,3.98,,47,14.0,
4635,marcel-windholtz-eau-de-vie-de-kirsch-dalsace-reserve-particuliere,Vin,A surveiller,0.4980611924641999,False,0.03898897575970994,0.8472727272727273,0.7927272727272727,0.4077121212121212,0.24177101555109018,0.0,bc05_std_purchase_price,Signal a confirmer (driver principal: bc05_std_purchase_price),62.4,31.92,,12,8.0,
5569,,,A surveiller,0.49642397041798697,False,0.10755894755076206,0.6048484848484849,0.9212121212121213,0.7759545454545455,0.1433381890283543,0.0,bc05_std_price,Signal a confirmer (driver principal: bc05_std_price),19.9,9.77,,1,,
5545,marc-colin-et-fils-chassagne-montrachet-blanc-les-caillerets-1er-cru-2016,Vin,A surveiller,0.495794692462181,False,0.028852384605331405,0.863030303030303,0.7527272727272727,0.42722727272727273,0.22256056098544644,0.0,bc05_std_purchase_price,Signal a confirmer (driver principal: bc05_std_purchase_price),65.9,32.35,,13,7.0,
5914,darnleys-london-dry-gin-spiced,Gin,A surveiller,0.49573745645125933,False,0.06194696750647305,0.8006060606060607,0.7660606060606061,0.5977727272727272,0.1267760796641083,0.0,bc05_std_taux_marge,Signal a confirmer (driver principal: bc05_std_taux_marge),36.0,17.16,,4,4.0,
7010,,,A surveiller,0.49066016664627415,False,0.094607110618601,0.7127272727272728,0.9006060606060606,0.6085988309490846,0.054309480645175705,0.0,bc05_std_purchase_price,Signal a confirmer (driver principal: bc05_std_purchase_price),47.0,23.55,,37,,
4864,,,A surveiller,0.4884150853400664,True,-0.112312596853552,0.9721212121212122,0.21575757575757576,0.5984170127672666,0.6386465463709758,0.0,bc05_std_taux_marge,Signal a confirmer (driver principal: bc05_std_taux_marge),8.3,9.99,,0,,
7025,jamet-cote-rotie-fructus-voluptas-2018,Vin,A surveiller,0.48648606777579684,False,0.018055064251493058,0.8751515151515151,0.8606060606060606,0.17437878787878786,0.2566258292731197,0.0,bc05_std_purchase_price,Signal a confirmer (driver principal: bc05_std_purchase_price),69.0,34.22,,8,5.0,
4927,domaine-la-croix-belle-cotes-de-thongue-rouge-la-caringole-2018,Vin,A surveiller,0.4858752478297497,False,0.027340359692481442,0.8654545454545455,0.6315151515151515,0.46775034610059985,0.2977330197526582,0.0,bc05_std_purchase_price,Signal a confirmer (driver principal: bc05_std_purchase_price),6.5,3.29,,39,13.0,
5465,clos-du-mont-olivet-chateauneuf-du-pape-2007,Vin,A surveiller,0.4857483684985507,False,0.07569330595733104,0.7684848484848484,0.8412121212121212,0.47389393939393937,0.15876398801581007,0.0,bc05_std_purchase_price,Signal a confirmer (driver principal: bc05_std_purchase_price),54.8,28.6,,12,8.0,
5722,domaine-de-lhortus-herault-loup-bergerie-2018,Vin,A surveiller,0.48547217859845554,False,0.017321137652146656,0.8775757575757576,0.6472727272727272,0.44568974003999384,0.2589144486518373,0.0,bc05_std_purchase_price,Signal a confirmer (driver principal: bc05_std_purchase_price),7.1,3.48,,38,14.0,
4617,alphonse-mellot-sancerre-rouge-generation-xix-2011,Vin,A surveiller,0.4831671410710095,False,0.04165162684902285,0.8412121212121212,0.8472727272727273,0.2201969696969697,0.28319413798282256,0.0,bc05_std_purchase_price,Signal a confirmer (driver principal: bc05_std_purchase_price),67.5,35.57,,6,4.0,
4300,domaine-de-la-tour-du-bandol-en-sol-2017,Vin,A surveiller,0.4830573213730493,False,0.10873214907804091,0.5745454545454546,0.9418181818181818,0.7606818181818181,0.08227775918503795,0.0,bc05_std_price,Signal a confirmer (driver principal: bc05_std_price),44.0,23.42,,2,2.0,
5779,maurel-pays-d-oc-syrah-2019,Vin,A surveiller,0.4817607194012895,True,-0.02071584937143711,0.9309090909090909,0.566060606060606,0.34641701276726655,0.37313319001351036,0.0,bc05_std_purchase_price,Signal a confirmer (driver principal: bc05_std_purchase_price),5.8,2.88,,30,9.0,
4105,emile-boeckel-sylvaner-vieilles-vignes-2019,Vin,A surveiller,0.4815034693062197,False,0.04540223273320354,0.8375757575757575,0.5721212121212121,0.601810952161206,0.2553485678506909,0.0,bc05_std_purchase_price,Signal a confirmer (driver principal: bc05_std_purchase_price),6.8,3.51,,45,16.0,
5925,albert-mann-riesling-grand-cru-furstentum,Vin,A surveiller,0.4791539890407823,False,0.09150534155273315,0.7224242424242424,0.8387878787878787,0.5892878787878787,0.06275958737752073,0.0,bc05_std_purchase_price,Signal a confirmer (driver principal: bc05_std_purchase_price),49.5,25.06,,15,8.0,
4680,domaine-de-joy-cotes-de-gascogne-envie-de-joy-2018,Vin,A surveiller,0.4776678988231028,False,0.02611871815327199,0.8690909090909091,0.6193939393939394,0.4134473157975696,0.3104474084740672,0.0,bc05_std_purchase_price,Signal a confirmer (driver principal: bc05_std_purchase_price),6.3,3.29,,35,12.0,
4172,maurel-pays-oc-chardonnay-2019,Vin,A surveiller,0.4763817320551874,False,0.0034013064584911268,0.8933333333333333,0.5757575757575758,0.35829580064605443,0.39485846806764135,0.0,bc05_std_purchase_price,Signal a confirmer (driver principal: bc05_std_purchase_price),5.7,2.95,,31,12.0,
5827,agnes-levet-cote-rotie-maestria-2017,Vin,A surveiller,0.47522297475003816,False,0.07327864386806743,0.7781818181818182,0.8109090909090909,0.4408030303030303,0.13466156568219934,0.0,bc05_std_purchase_price,Signal a confirmer (driver principal: bc05_std_purchase_price),55.0,29.55,,4,2.0,
4963,chateau-turcaud-bordeaux-rouge-2016,Vin,A surveiller,0.4740427651477998,False,0.011055283729727305,0.8860606060606061,0.5333333333333333,0.4915079218581756,0.2783172838422494,0.0,bc05_std_purchase_price,Signal a confirmer (driver principal: bc05_std_purchase_price),7.0,3.44,,41,13.0,
5551,thierry-germain-saumur-champigny-franc-de-pied-2017,Vin,A surveiller,0.47360451301448975,False,0.08574715374082381,0.7478787878787879,0.730909090909091,0.6597121212121212,0.041022402872170134,0.0,bc05_std_taux_marge,Signal a confirmer (driver principal: bc05_std_taux_marge),36.3,17.82,,6,3.0,
4397,whisky-wemyss-the-hive-batch-strength,Whisky,A surveiller,0.4720966489047148,False,0.0002101827374995091,0.896969696969697,0.6630303030303031,0.26177272727272727,0.3113377011683599,0.0,bc05_std_taux_marge,Signal a confirmer (driver principal: bc05_std_taux_marge),59.0,27.31,,5,3.0,
4200,moulin-de-gassac-igp-pays-dherault-guilhem-rose-2019,Vin,A surveiller,0.4718920261527242,True,-0.004321826130180728,0.9078787878787878,0.5454545454545454,0.38629580064605445,0.3249311060127057,0.0,bc05_std_purchase_price,Signal a confirmer (driver principal: bc05_std_purchase_price),5.8,3.12,,33,14.0,
6926,chateau-jean-faure-saint-emilion-grand-cru-2016,Vin,A surveiller,0.4706446287027994,False,0.08774128095316314,0.7454545454545455,0.8012121212121213,0.5298939393939394,0.07281749914920534,0.0,bc05_std_purchase_price,Signal a confirmer (driver principal: bc05_std_purchase_price),49.9,27.07,,12,9.0,
4364,whisky-wemyss-the-hive,Whisky,A surveiller,0.4704504983860242,False,0.05083941826876215,0.8315151515151515,0.7006060606060606,0.43656060606060604,0.15390649901175715,0.0,bc05_std_taux_marge,Signal a confirmer (driver principal: bc05_std_taux_marge),49.5,23.6,,4,3.0,
4616,alphonse-mellot-sancerre-rouge-la-demoiselle-2015,Vin,A surveiller,0.4679675895453568,False,0.05790213306223607,0.8157575757575758,0.7672727272727272,0.38056060606060604,0.12701680454447684,0.0,bc05_std_purchase_price,Signal a confirmer (driver principal: bc05_std_purchase_price),57.0,27.98,,10,6.0,
5523,domaine-chambeyron-cote-rotie-lancement-2017,Vin,A surveiller,0.4662598917487531,False,0.05276329117332812,0.8266666666666667,0.7781818181818182,0.2643181818181818,0.22975800839662147,0.0,bc05_std_purchase_price,Signal a confirmer (driver principal: bc05_std_purchase_price),60.4,31.83,,9,6.0,
4399,whisky-wemyss-spice-king-batch-strength,Whisky,A surveiller,0.46624068610182884,False,0.03252274088132068,0.8606060606060606,0.6733333333333333,0.34874242424242424,0.21080837616980339,0.0,bc05_std_taux_marge,Signal a confirmer (driver principal: bc05_std_taux_marge),59.0,28.12,,10,6.0,
4625,marcel-windholtz-eau-de-vie-de-sureau,Vin,A surveiller,0.46576998856735685,False,0.075243607972863,0.7733333333333333,0.7793939393939394,0.42977272727272725,0.13425291597659844,0.0,bc05_std_purchase_price,Signal a confirmer (driver principal: bc05_std_purchase_price),52.4,28.16,,4,3.0,
4626,marcel-windholtz-eau-de-vie-de-sureau-copie,Vin,A surveiller,0.46566477770516324,False,0.07940404853634542,0.7587878787878788,0.7903030303030303,0.43146969696969695,0.1524735346273898,0.0,bc05_std_purchase_price,Signal a confirmer (driver principal: bc05_std_purchase_price),52.9,27.88,,4,2.0,
5766,camille-giroud-auxey-duresses-blc-2017,Vin,A surveiller,0.4646269992528824,False,0.09218429547580514,0.7212121212121212,0.7733333333333333,0.6079545454545454,0.024035144043975477,0.0,bc05_std_taux_marge,Signal a confirmer (driver principal: bc05_std_taux_marge),35.6,17.66,,4,3.0,
5799,chateau-carbonnieux-graves-blanc-2017,Vin,A surveiller,0.4645230252495667,False,0.09698912387595082,0.6921212121212121,0.8121212121212121,0.6003181818181818,0.044146919162333494,0.0,bc05_std_taux_marge,Signal a confirmer (driver principal: bc05_std_taux_marge),40.2,19.94,,3,3.0,
6620,domaine-de-la-tour-du-bon-bandol-rouge-saint-ferreol-2005,Vin,A surveiller,0.46296583850343676,False,0.08900225845876464,0.7369696969696969,0.7842424242424243,0.5001969696969697,0.0999689910949733,0.0,bc05_std_purchase_price,Signal a confirmer (driver principal: bc05_std_purchase_price),51.0,27.14,,11,7.0,
4398,whisky-wemyss-peat-chimney-batch-strength,Whisky,A surveiller,0.4617543620220806,False,0.037405186860628326,0.850909090909091,0.6733333333333333,0.34874242424242424,0.19503604446323042,0.0,bc05_std_taux_marge,Signal a confirmer (driver principal: bc05_std_taux_marge),59.0,28.39,,10,7.0,
4606,catherine-et-claude-marechal-volnay-2017,Vin,A surveiller,0.46137448757363225,False,0.07599562480248462,0.7672727272727272,0.583030303030303,0.7208030303030303,0.06466154240298959,0.0,bc05_std_purchase_price,Signal a confirmer (driver principal: bc05_std_purchase_price),50.1,24.59,,0,0.0,
5769,camille-giroud-marsannay-longeroies-2016,Vin,A surveiller,0.4613079124566354,False,0.09042246277718374,0.7296969696969697,0.7357575757575757,0.5780533764036302,0.08539299935484722,0.0,bc05_std_taux_marge,Signal a confirmer (driver principal: bc05_std_taux_marge),33.6,16.49,,6,5.0,
6869,,,A surveiller,0.45960389188783013,False,0.09527804944096396,0.7066666666666667,0.816969696969697,0.5341363636363636,0.0408949794843619,0.0,bc05_std_taux_marge,Signal a confirmer (driver principal: bc05_std_taux_marge),40.0,19.84,,4,,
4776,chateau-de-la-liquiere-pays-dherault-blanc-a-mi-chemin-2017,Vin,A surveiller,0.45783794332941025,False,0.03995477473751807,0.8448484848484848,0.503030303030303,0.5195079218581756,0.2585114899007782,0.0,bc05_std_purchase_price,Signal a confirmer (driver principal: bc05_std_purchase_price),6.8,3.48,,42,12.0,
4578,,,A surveiller,0.4563230852093124,False,0.10191662327005069,0.6666666666666666,0.8157575757575758,0.6011666666666666,0.029965700577973143,0.0,bc05_std_price,Signal a confirmer (driver principal: bc05_std_price),40.0,20.05,,3,,
5820,maison-trimbach-riesling-cuvee-frederic-emile-2012,Vin,A surveiller,0.4551223057537108,False,0.034342232132128725,0.8563636363636363,0.7866666666666666,0.10056060606060606,0.25795790602195706,0.0,bc05_std_purchase_price,Signal a confirmer (driver principal: bc05_std_purchase_price),63.5,32.48,,7,6.0,
5700,gilles-robin-crozes-hermitage-rouge-1920-2016-copie,Vin,A surveiller,0.45241934519073385,False,0.1066679762866734,0.6218181818181818,0.5696969696969697,0.6476291339793877,0.047901266089772784,0.2,bc05_std_price,Signal a confirmer (driver principal: bc05_std_price),44.5,22.3,,0,8.0,
4619,alphonse-mellot-sancerre-rouge-en-grands-champs-2012,Vin,A surveiller,0.45129540527696954,False,0.05272047213127512,0.8278787878787879,0.7878787878787878,0.19474242424242422,0.16144647701211998,0.0,bc05_std_purchase_price,Signal a confirmer (driver principal: bc05_std_purchase_price),59.0,32.01,,8,4.0,
5068,albert-mann-pinot-noir-grand-p-2017,Vin,A surveiller,0.45079511691442553,False,0.042557161771919205,0.8387878787878787,0.806060606060606,0.12431818181818181,0.19298904793213462,0.0,bc05_std_purchase_price,Signal a confirmer (driver principal: bc05_std_purchase_price),59.9,32.5,,6,3.0,
4203,mas-laval-igp-pays-herault-pampres-blanc-2018,Vin,A surveiller,0.4507941603417186,False,0.11329953848386087,0.4951515151515152,0.9551515151515152,0.6925988309490847,0.07328578123598331,0.0,bc05_std_taux_marge,Signal a confirmer (driver principal: bc05_std_taux_marge),9.9,5.01,,74,27.0,
4253,domaine-huet-vouvray-le-clos-du-bourg-moelleux-1ere-trie-2008,Vin,A surveiller,0.4502861369628721,False,0.054359892929915665,0.8224242424242424,0.7236363636363636,0.26856060606060606,0.1854750059923578,0.0,bc05_std_price,Signal a confirmer (driver principal: bc05_std_price),59.6,30.18,,5,5.0,
